method,seeds,test_iou_mean,test_iou_ci_low,test_iou_ci_high,test_iou_seed_min,test_iou_seed_max,test_f1_mean,test_water_share,bolivia_iou_mean,bolivia_iou_ci_low,bolivia_iou_ci_high,bolivia_iou_seed_min,bolivia_iou_seed_max,bolivia_f1_mean,bolivia_water_share
Otsu (VH),1,0.22988519730826856,0.1620989078287599,0.2980362951108227,0.22988519730826856,0.22988519730826856,0.37383196059501517,0.1250697031446579,0.40319230009606266,0.18429649320334052,0.6119632338047525,0.40319230009606266,0.40319230009606266,0.5746786097222171,0.1586099521761341
Fixed VH threshold,1,0.5239504732664922,0.41070940516212734,0.611972945416099,0.5239504732664922,0.5239504732664922,0.6876213925029168,0.1250697031446579,0.5314242460427491,0.3724241746001213,0.6233175225244171,0.5314242460427491,0.5314242460427491,0.6940261621375878,0.1586099521761341
"U-Net radar, 2 bands",3,0.6669974346409022,0.5451895409828854,0.7596885775413627,0.6632151162690619,0.6729916633151785,0.8002301847081772,0.1250697031446579,0.6235455389000194,0.4179396112449468,0.7377276989802426,0.5065639631475608,0.6878004837701313,0.764792676022708,0.1586099521761341
"U-Net optical, 13 bands",3,0.8204747276798238,0.7348138263706689,0.8785505947429868,0.8163716002580433,0.828111292625513,0.901375799244181,0.1250697031446579,0.765771912412332,0.5991076823656895,0.8489211250308603,0.7396446896480326,0.7806257872002299,0.8672251955418453,0.1586099521761341
"U-Net optical, 6 bands",3,0.829496755475082,0.7516380003335841,0.882206202633414,0.8268405893694508,0.8322494042499496,0.9068016053577689,0.1250697031446579,0.7817785651465042,0.6520858040923049,0.8586604863964645,0.7598294892653205,0.7946685349194418,0.8774395131357501,0.1586099521761341
"Prithvi frozen, 6 bands",3,0.8241703930220657,0.7497885845146556,0.875505690885128,0.8215978457239279,0.8262403184674477,0.9036099678924335,0.1250697031446579,0.7459633995782723,0.5175521158253675,0.8416490922035517,0.7286796735027296,0.7600392868687371,0.8544369179520555,0.1586099521761341
"Prithvi full, 6 bands",1,0.8123182545742526,0.7259519637581011,0.8712442419715697,0.8123182545742526,0.8123182545742526,0.8964410665996203,0.1250697031446579,0.7592647323246206,0.5494538498272078,0.8524007835867277,0.7592647323246206,0.7592647323246206,0.8631614314479654,0.1586099521761341
"U-Net optical, 6 bands, 10% labels",3,0.8281753082423596,0.7538204392962213,0.8790125553526138,0.824510482500611,0.8329141493552937,0.9060089733057529,0.1250697031446579,0.767007001008538,0.612923112760772,0.8541060810315941,0.7498245577930297,0.7908025212247987,0.8680337310031345,0.1586099521761341
"Prithvi frozen, 6 bands, 10% labels",3,0.7906849074294008,0.7078947701366834,0.8496872846924257,0.7878405283176925,0.7925328825976877,0.8831074679701842,0.1250697031446579,0.7550386583791869,0.5775045965335678,0.8444812586318005,0.7530386790814975,0.7575383919434833,0.860422668309865,0.1586099521761341
